STEPS,CC,CD,DC,DD
0,0,0,0,0
1,1,0,0,0
2,1,0,1,0
3,1,1,0,0
4,1,1,1,0
5,1,3,1,0
6,2,4,0,0
7,1,3,0,1
8,1,2,0,1
9,1,2,0,1
10,0,3,0,2
11,0,2,1,2
12,1,2,1,2
13,1,4,1,2
14,1,4,1,3
15,2,3,1,2
16,2,2,1,4
17,3,2,1,4
18,2,3,1,3
19,2,2,1,3
20,3,3,1,4
21,3,3,2,4
22,4,2,2,3
23,4,3,2,4
24,5,4,2,5
25,6,5,3,5
26,8,5,3,6
27,9,7,4,7
28,9,6,5,8
29,10,5,5,8
30,9,4,7,8
31,8,2,7,8
32,9,4,10,7
33,11,5,10,5
34,12,4,12,4
35,12,5,14,4
36,13,4,13,6
37,13,4,17,8
38,13,4,17,7
39,10,4,17,8
40,10,4,17,9
41,11,4,16,10
42,11,5,16,10
43,12,5,16,14
44,13,5,16,13
45,14,6,17,14
46,18,6,16,14
47,17,6,15,16
48,16,4,14,17
49,17,5,13,16
50,19,5,16,16
51,19,6,17,15
52,16,4,14,18
53,22,3,12,15
54,21,3,14,15
55,22,4,17,18
56,23,5,20,17
57,26,6,20,16
58,23,7,22,17
59,24,6,25,20
60,25,7,28,19
61,25,10,32,17
62,27,11,33,16
63,33,12,33,15
64,34,12,29,16
65,36,12,29,17
66,39,14,27,11
67,42,17,29,10
68,44,17,29,9
69,49,16,35,10
70,48,14,34,11
71,54,15,35,8
72,49,14,37,8
73,46,16,38,9
74,46,21,36,9
75,47,24,39,9
76,47,28,36,10
77,54,30,35,10
78,49,28,37,11
79,49,31,41,10
80,47,29,40,9
81,49,33,33,8
82,57,28,38,7
83,63,26,35,6
84,67,31,37,7
85,69,34,37,7
86,69,33,39,7
87,75,35,41,7
88,73,32,42,8
89,75,33,40,10
90,76,32,40,9
91,83,33,40,9
92,82,37,45,10
93,82,38,46,9
94,87,42,46,7
95,84,42,45,8
96,95,45,45,7
97,99,49,47,7
98,106,49,49,8
99,105,52,49,9
100,112,48,53,8
101,111,54,54,9
102,116,58,60,10
103,116,64,68,12
104,118,63,62,12
105,121,69,62,11
106,115,68,59,11
107,118,67,60,12
108,124,71,61,11
109,132,76,55,10
110,136,80,55,11
111,135,83,59,11
112,141,83,57,10
113,147,81,59,10
114,150,80,60,10
115,150,84,54,11
116,154,82,59,12
117,149,81,58,11
118,158,80,58,12
119,162,78,63,15
120,171,80,67,14
121,184,83,69,17
122,195,81,76,16
123,199,88,79,16
124,202,84,77,16
125,207,87,70,16
126,226,88,74,17
127,221,94,81,19
128,226,101,81,17
129,228,100,83,16
130,219,99,85,19
131,225,106,90,18
132,230,109,91,18
133,235,107,91,17
134,241,115,88,19
135,252,126,90,19
136,266,124,90,25
137,270,126,91,28
138,278,119,94,30
139,296,121,94,30
140,298,121,93,34
141,295,121,100,35
142,299,133,97,37
143,310,130,98,37
144,321,133,105,36
145,319,126,102,40
146,314,132,97,54
147,316,136,103,55
148,332,136,102,55
149,338,133,107,57
150,347,141,112,55
151,349,144,119,53
152,347,146,113,58
153,361,147,119,58
154,374,148,121,58
155,376,146,126,56
156,373,149,126,55
157,374,157,128,57
158,383,161,128,56
159,376,161,129,52
160,380,168,127,52
161,378,171,122,52
162,386,177,123,48
163,390,182,123,52
164,391,184,123,57
165,390,190,124,61
166,417,188,131,61
167,449,202,138,55
168,464,206,129,57
169,476,215,126,59
170,478,230,129,58
171,468,245,135,54
172,462,249,144,60
173,490,252,146,59
174,491,267,142,54
175,490,260,152,52
176,499,271,146,51
177,515,271,143,54
178,508,288,144,61
179,519,299,141,63
180,511,295,133,60
181,525,294,135,56
182,532,306,144,59
183,525,308,135,60
184,521,315,140,61
185,513,314,144,57
186,519,309,152,57
187,531,311,160,65
188,537,315,164,64
189,546,310,177,60
190,551,311,173,62
191,562,308,176,65
192,562,300,171,62
193,567,312,170,57
194,566,308,160,58
195,566,314,164,54
196,560,311,160,59
197,554,316,157,57
198,552,325,160,57
199,567,331,167,63
200,568,328,168,60
201,587,320,163,58
202,585,330,156,56
203,586,325,152,55
204,602,330,156,56
205,590,339,155,55
206,611,339,159,56
207,608,357,168,58
208,625,351,171,55
209,624,343,166,62
210,641,344,160,61
211,648,355,162,61
212,657,358,162,62
213,653,356,163,59
214,643,353,170,65
215,635,361,169,65
216,655,363,173,65
217,646,371,183,67
218,665,380,187,74
219,671,377,177,74
220,672,381,174,73
221,664,364,182,72
222,657,366,184,65
223,662,361,182,68
224,677,360,190,63
225,658,370,180,66
226,676,372,172,72
227,659,361,167,78
228,659,361,161,71
229,675,363,171,65
230,683,363,177,64
231,695,366,185,66
232,724,373,186,69
233,727,383,183,68
234,725,396,181,69
235,728,399,172,69
236,729,410,166,70
237,722,410,175,75
238,704,423,172,79
239,728,420,168,83
240,706,440,165,81
241,725,442,184,86
242,734,432,181,96
243,740,428,190,98
244,739,422,204,89
245,749,421,193,88
246,750,427,183,90
247,743,437,184,88
248,744,436,177,84
249,751,425,170,88
250,756,428,172,92
251,753,435,165,90
252,759,442,168,94
253,757,448,159,98
254,766,431,160,101
255,763,435,165,99
256,766,445,175,98
257,765,447,173,100
258,780,436,180,103
259,785,427,185,104
260,780,425,191,103
261,756,410,185,108
262,762,420,193,109
263,749,416,192,111
264,725,414,193,110
265,734,418,190,114
266,753,420,189,116
267,756,421,187,123
268,775,430,174,123
269,778,434,173,124
270,773,442,174,121
271,765,450,169,121
272,758,444,164,116
273,765,445,165,105
274,773,466,160,102
275,783,484,161,107
276,771,497,166,104
277,766,487,166,108
278,768,499,160,96
279,779,504,162,94
280,809,499,162,95
281,805,508,155,94
282,805,513,156,95
283,806,494,157,105
284,813,489,167,107
285,795,480,166,104
286,824,491,158,104
287,817,498,160,103
288,828,505,152,108
289,823,489,149,106
290,837,485,151,111
291,851,486,149,108
292,824,481,149,104
293,830,484,151,104
294,829,482,150,100
295,814,468,151,94
296,815,467,149,96
297,831,496,148,93
298,810,493,151,88
299,832,501,153,88
300,825,497,145,94
301,820,491,150,97
302,842,503,147,107
303,851,522,145,102
304,852,521,139,97
305,836,514,130,100
306,855,529,132,95
307,844,536,134,98
308,837,543,134,105
309,843,535,139,103
310,845,536,142,100
311,857,535,143,89
312,857,529,144,92
313,839,522,149,91
314,841,532,147,94
315,838,549,146,88
316,834,550,144,85
317,849,551,141,87
318,861,559,144,87
319,841,560,137,83
320,844,566,137,84
321,833,569,133,86
322,836,579,131,81
323,825,583,132,84
324,820,597,136,79
325,808,591,137,82
326,807,597,131,90
327,782,595,136,93
328,759,594,131,94
329,769,578,131,98
330,764,584,138,94
331,771,594,141,94
332,755,592,131,94
333,737,602,136,97
334,728,598,146,94
335,721,602,150,101
336,720,612,149,108
337,701,621,147,108
338,696,614,152,105
339,703,635,157,109
340,701,649,148,112
341,704,627,150,107
342,697,624,150,100
343,704,628,144,100
344,703,630,138,94
345,725,648,137,90
346,730,637,150,91
347,722,652,147,97
348,707,649,145,106
349,700,650,148,112
350,712,655,146,109
351,699,655,151,113
352,703,663,148,117
353,695,682,141,120
354,712,671,150,118
355,712,671,153,129
356,732,671,155,131
357,722,651,159,133
358,734,645,161,134
359,718,655,162,133
360,737,641,164,126
361,730,650,160,132
362,748,643,162,131
363,738,650,164,134
364,746,649,168,138
365,739,646,160,142
366,739,656,158,145
367,731,654,156,151
368,737,638,149,141
369,739,627,138,139
370,728,623,145,135
371,714,621,144,131
372,735,620,147,130
373,723,616,148,135
374,732,629,149,131
375,726,633,152,137
376,718,638,144,127
377,718,617,145,124
378,717,618,145,124
379,719,633,137,126
380,723,621,133,122
381,727,621,127,125
382,717,629,128,125
383,720,645,133,127
384,732,649,123,130
385,736,642,119,122
386,741,649,119,115
387,727,651,121,120
388,732,651,115,123
389,736,644,118,114
390,738,643,128,113
391,741,652,130,113
392,744,655,125,109
393,737,657,120,109
394,738,671,123,110
395,726,681,127,112
396,713,667,130,109
397,700,683,134,111
398,693,690,137,107
399,701,682,128,116
400,707,681,128,117
401,708,677,123,115
402,712,668,127,109
403,719,659,133,109
404,708,683,129,108
405,716,692,135,114
406,714,705,145,114
407,704,706,143,114
408,701,712,131,107
409,698,711,127,115
410,693,711,129,116
411,692,721,136,122
412,702,718,128,130
413,704,722,129,129
414,718,737,126,132
415,707,733,130,134
416,699,729,128,135
417,685,746,127,142
418,687,738,129,141
419,697,723,126,138
420,699,721,115,131
421,707,729,114,121
422,693,745,114,126
423,687,730,102,119
424,674,742,93,122
425,670,756,95,123
426,665,752,95,126
427,691,760,98,129
428,690,766,101,123
429,709,774,105,116
430,696,781,100,132
431,713,800,101,132
432,694,801,97,133
433,681,805,97,144
434,664,811,97,140
435,654,817,104,144
436,651,799,110,137
437,659,786,105,134
438,649,792,101,133
439,646,781,102,137
440,631,791,106,139
441,644,797,109,136
442,636,798,108,128
443,631,801,106,130
444,627,805,109,133
445,622,804,98,133
446,635,790,100,130
447,643,805,97,126
448,654,812,98,129
449,633,818,102,134
450,644,812,103,142
451,631,806,103,144
452,640,792,107,140
453,634,795,107,131
454,636,807,120,130
455,642,827,122,129
456,631,817,115,132
457,606,814,115,132
458,601,827,110,130
459,606,828,112,135
460,603,829,112,133
461,590,829,116,135
462,590,818,114,124
463,600,791,110,124
464,590,817,105,121
465,570,815,99,115
466,561,813,95,113
467,561,828,84,112
468,550,840,88,112
469,543,835,86,112
470,539,827,90,109
471,553,825,102,116
472,550,825,103,119
473,561,828,103,106
474,567,841,104,105
475,574,830,101,104
476,570,815,101,106
477,560,813,99,114
478,552,802,95,109
479,565,778,84,113
480,568,786,81,121
481,562,793,86,124
482,557,793,80,129
483,546,805,83,132
484,550,808,79,135
485,547,813,76,134
486,541,824,72,134
487,530,817,72,131
488,531,834,71,121
489,552,814,68,128
490,560,799,72,137
491,557,793,67,147
492,566,815,71,145
493,561,799,79,147
494,552,813,84,150
495,543,821,90,156
496,533,828,88,147
497,528,817,84,149
498,528,820,89,153
499,531,835,83,155
500,533,833,81,156
501,530,852,80,153
502,509,861,82,151
503,507,860,84,155
504,510,878,94,164
505,503,888,107,166
506,505,889,105,175
507,507,887,110,168
508,492,867,111,173
509,513,859,117,164
510,517,864,114,160
511,505,874,112,160
512,514,861,111,159
513,497,861,111,161
514,496,879,116,170
515,486,874,115,167
516,494,871,118,159
517,495,887,110,159
518,499,882,111,160
519,491,888,111,150
520,481,882,112,150
521,478,868,112,161
522,486,872,108,164
523,492,866,104,162
524,491,862,98,166
525,487,872,100,165
526,483,890,106,168
527,477,900,109,172
528,470,905,110,180
529,475,906,106,181
530,485,881,106,184
531,492,898,101,178
532,498,895,100,164
533,508,882,98,162
534,521,882,92,164
535,528,879,91,164
536,512,865,95,165
537,498,862,87,166
538,512,856,89,168
539,523,874,90,158
540,542,884,91,173
541,552,892,93,167
542,552,891,93,159
543,550,879,97,167
544,540,868,100,164
545,532,875,104,153
546,525,870,107,154
547,526,870,108,144
548,538,878,107,152
549,523,885,101,169
550,531,897,100,166
551,535,885,93,156
552,532,889,95,156
553,537,909,90,154
554,539,910,86,159
555,538,916,87,161
556,553,926,81,165
557,540,933,83,163
558,532,937,81,150
559,527,939,85,146
560,529,932,91,141
561,516,918,96,141
562,518,948,86,141
563,525,931,92,143
564,530,932,89,144
565,530,935,84,147
566,503,936,85,142
567,506,923,82,147
568,501,930,88,145
569,496,916,89,141
570,475,913,89,146
571,476,904,90,141
572,475,886,86,141
573,471,896,85,139
574,472,902,81,142
575,480,906,79,151
576,479,922,74,144
577,462,913,70,135
578,464,920,71,139
579,467,926,84,141
580,452,906,90,150
581,461,913,84,159
582,465,920,84,168
583,447,899,82,170
584,423,902,77,175
585,424,900,79,172
586,428,897,79,170
587,433,908,77,181
588,447,917,78,176
589,435,907,79,163
590,444,895,72,170
591,442,880,63,164
592,446,884,62,173
593,435,893,58,173
594,444,899,52,161
595,445,912,54,156
596,446,916,57,158
597,435,909,57,150
598,435,905,59,156
599,437,892,59,158
600,429,881,59,164
601,427,871,59,157
602,427,894,55,148
603,438,906,51,161
604,440,892,55,153
605,439,917,55,156
606,431,905,61,152
607,439,908,63,148
608,443,923,64,150
609,439,933,65,150
610,446,928,58,152
611,433,917,55,152
612,425,917,57,155
613,417,925,58,147
614,411,920,61,148
615,394,926,60,144
616,409,917,63,136
617,406,914,63,124
618,409,924,62,125
619,416,903,60,129
620,417,938,56,129
621,409,931,57,121
622,394,933,58,120
623,385,896,56,116
624,387,916,54,118
625,387,916,56,114
626,389,901,54,112
627,387,920,55,118
628,378,912,59,121
629,387,926,53,116
630,384,931,53,121
631,387,934,54,126
632,379,945,51,137
633,382,948,53,126
634,376,944,52,127
635,387,953,49,127
636,386,952,48,127
637,393,937,43,133
638,396,945,45,131
639,383,936,47,125
640,376,935,49,130
641,378,941,47,123
642,362,969,45,121
643,369,962,44,118
644,364,978,44,117
645,352,984,48,129
646,361,988,55,140
647,366,1006,57,133
648,364,996,60,137
649,377,960,61,130
650,380,958,58,133
651,394,960,60,134
652,394,951,57,138
653,385,957,53,137
654,393,961,54,130
655,404,981,52,122
656,397,971,54,124
657,401,985,52,125
658,401,967,55,132
659,391,1009,55,128
660,396,998,62,127
661,390,1009,62,127
662,387,1006,67,125
663,387,1010,74,125
664,398,1025,75,134
665,400,1032,76,132
666,396,1025,77,130
667,395,1031,76,125
668,393,1042,72,129
669,392,1055,75,126
670,394,1027,73,128
671,397,1025,76,124
672,376,1015,77,130
673,378,1001,78,131
674,390,1051,79,129
675,385,1045,82,132
676,377,1032,75,117
677,368,1027,76,123
678,369,1040,76,120
679,385,1070,69,114
680,370,1067,70,120
681,369,1089,74,124
682,369,1094,70,117
683,349,1084,68,126
684,357,1078,68,128
685,352,1071,72,124
686,344,1077,71,120
687,345,1075,72,121
688,348,1077,73,125
689,344,1091,68,126
690,344,1101,72,127
691,346,1092,67,130
692,348,1078,74,127
693,355,1077,72,132
694,353,1070,69,138
695,352,1073,68,142
696,341,1080,69,150
697,335,1090,63,145
698,349,1104,64,144
699,355,1110,62,148
700,355,1124,72,150
701,353,1139,72,151
702,346,1121,70,151
703,354,1107,70,140
704,350,1102,70,147
705,350,1112,70,145
706,342,1108,74,150
707,331,1103,73,146
708,331,1101,76,147
709,341,1101,75,140
710,349,1109,72,144
711,340,1094,74,142
712,334,1085,74,137
713,354,1098,69,139
714,346,1097,69,138
715,347,1081,65,144
716,338,1065,67,149
717,327,1055,62,142
718,324,1026,65,140
719,325,1031,68,138
720,324,1015,73,145
721,323,1012,76,141
722,325,1007,73,143
723,330,1019,77,144
724,325,1036,79,143
725,341,1029,82,142
726,342,1033,78,138
727,344,1047,85,138
728,346,1041,81,140
729,357,1019,79,134
730,353,1015,85,136
731,368,1030,90,152
732,367,1033,89,158
733,357,1039,85,156
734,346,1038,88,153
735,342,1041,95,150
736,340,1048,89,147
737,337,1058,96,148
738,323,1058,97,151
739,319,1058,101,152
740,326,1083,96,155
741,317,1083,90,153
742,310,1089,91,150
743,324,1068,87,156
744,324,1079,82,156
745,327,1073,84,158
746,329,1071,82,148
747,344,1055,83,143
748,349,1048,81,145
749,351,1037,81,146
750,355,1055,77,147
751,357,1054,72,150
752,365,1056,72,153
753,358,1083,69,150
754,352,1058,68,153
755,349,1051,68,147
756,350,1062,71,148
757,346,1055,70,151
758,338,1042,70,147
759,332,1027,68,148
760,323,1043,73,146
761,334,1038,66,146
762,338,1059,54,148
763,337,1057,62,149
764,343,1057,63,153
765,328,1061,65,143
766,337,1054,69,147
767,344,1059,66,142
768,347,1070,61,144
769,344,1048,67,148
770,341,1033,64,148
771,334,1036,61,150
772,334,1034,65,153
773,339,1035,59,153
774,336,1044,59,152
775,345,1060,58,148
776,348,1053,56,160
777,353,1065,53,168
778,365,1051,52,166
779,362,1073,50,156
780,363,1079,56,152
781,367,1058,56,147
782,353,1052,53,141
783,363,1045,51,137
784,358,1064,55,130
785,358,1074,53,122
786,349,1060,46,119
787,339,1061,43,115
788,325,1067,45,110
789,331,1068,47,110
790,336,1069,49,118
791,334,1096,47,119
792,338,1108,49,116
793,349,1096,46,116
794,361,1110,44,113
795,352,1094,44,112
796,359,1078,41,108
797,352,1090,40,110
798,350,1082,35,108
799,357,1087,40,108
800,347,1067,41,107
801,345,1098,38,109
802,338,1130,35,109
803,339,1156,35,102
804,343,1153,42,95
805,356,1162,44,96
806,353,1131,43,96
807,354,1117,42,95
808,356,1110,44,88
809,348,1138,43,91
810,350,1130,45,91
811,351,1130,43,91
812,356,1121,41,86
813,349,1142,42,88
814,355,1157,40,81
815,362,1155,43,82
816,366,1143,38,84
817,368,1151,31,80
818,380,1168,30,78
819,390,1188,29,76
820,377,1181,32,79
821,367,1190,29,71
822,372,1176,29,66
823,361,1163,28,63
824,373,1142,29,66
825,372,1148,29,66
826,365,1151,25,67
827,376,1135,21,68
828,370,1127,21,60
829,359,1138,23,64
830,357,1177,23,65
831,360,1182,24,61
832,360,1161,27,60
833,368,1188,25,73
834,366,1162,23,74
835,357,1175,24,71
836,348,1189,24,67
837,344,1183,27,62
838,363,1171,30,58
839,354,1203,32,59
840,358,1218,31,61
841,370,1221,32,60
842,376,1200,36,58
843,380,1220,37,58
844,372,1238,35,54
845,371,1223,33,52
846,383,1203,34,54
847,387,1192,41,52
848,393,1166,40,49
849,384,1184,43,49
850,391,1200,42,51
851,393,1219,41,54
852,404,1206,39,54
853,400,1218,33,60
854,394,1221,34,58
855,381,1206,34,60
856,382,1210,32,57
857,384,1179,30,57
858,385,1171,30,65
859,396,1176,29,69
860,393,1159,32,66
861,396,1171,30,72
862,391,1192,29,78
863,376,1212,29,72
864,399,1226,28,73
865,391,1211,25,71
866,395,1191,27,70
867,402,1205,29,71
868,409,1200,29,72
869,408,1191,32,72
870,406,1190,37,68
871,406,1181,34,71
872,395,1157,35,76
873,401,1174,35,70
874,393,1156,37,73
875,390,1176,33,75
876,382,1188,35,74
877,370,1178,32,79
878,380,1174,31,80
879,379,1167,32,92
880,391,1152,35,89
881,383,1165,36,87
882,380,1161,34,92
883,370,1160,32,97
884,381,1161,29,98
885,378,1172,26,96
886,381,1175,28,85
887,380,1176,30,86
888,383,1175,29,82
889,368,1182,28,81
890,382,1165,30,80
891,369,1159,32,87
892,363,1163,35,80
893,348,1143,33,80
894,336,1183,35,89
895,349,1196,33,87
896,344,1181,34,87
897,343,1177,33,88
898,341,1178,30,89
899,328,1199,29,86
900,331,1201,29,93
901,343,1212,27,89
902,344,1230,31,91
903,338,1220,32,95
904,330,1213,37,96
905,326,1217,35,98
906,325,1221,34,99
907,332,1237,37,106
908,339,1237,38,113
909,349,1241,41,112
910,340,1229,46,104
911,334,1211,44,104
912,335,1202,44,104
913,320,1187,47,103
914,328,1203,47,111
915,316,1209,46,111
916,321,1225,44,113
917,323,1223,44,114
918,330,1223,48,112
919,330,1240,49,112
920,329,1223,46,110
921,340,1213,46,108
922,338,1205,44,105
923,344,1190,41,102
924,335,1192,42,111
925,336,1187,45,111
926,337,1164,44,119
927,309,1149,45,113
928,306,1136,47,121
929,299,1135,46,120
930,297,1152,46,119
931,301,1157,48,118
932,309,1146,51,108
933,310,1180,51,116
934,294,1172,50,120
935,296,1177,54,122
936,301,1190,54,122
937,289,1168,55,117
938,284,1163,57,117
939,293,1151,57,117
940,291,1159,57,114
941,292,1154,57,109
942,290,1194,55,110
943,283,1198,50,111
944,280,1207,46,111
945,278,1225,47,111
946,270,1172,52,106
947,269,1171,52,108
948,269,1174,58,114
949,276,1159,57,108
950,280,1168,59,111
951,270,1187,61,113
952,267,1172,62,109
953,275,1176,60,109
954,287,1151,66,123
955,283,1149,63,120
956,291,1151,64,119
957,298,1171,68,115
958,299,1162,68,120
959,297,1155,69,109
960,314,1159,70,102
961,307,1150,69,103
962,295,1149,71,107
963,304,1146,71,108
964,293,1144,71,109
965,288,1155,70,105
966,286,1172,68,107
967,275,1191,70,108
968,283,1187,70,111
969,287,1173,69,114
970,292,1175,60,118
971,285,1176,63,117
972,278,1164,58,118
973,272,1156,59,113
974,276,1164,56,113
975,271,1142,63,105
976,276,1149,61,100
977,275,1134,64,104
978,274,1125,68,112
979,274,1149,71,113
980,281,1136,62,111
981,280,1147,58,109
982,274,1162,54,109
983,273,1139,53,103
984,267,1126,55,106
985,259,1121,54,105
986,261,1106,56,103
987,255,1069,51,103
988,253,1078,57,99
989,261,1077,56,100
990,264,1102,49,98
991,262,1102,50,99
992,257,1111,52,101
993,261,1135,56,102
994,257,1109,56,97
995,248,1118,57,99
996,256,1114,56,101
997,255,1141,54,107
998,259,1132,52,108
999,248,1121,50,114
1000,240,1127,55,108
1001,250,1138,59,111
1002,248,1119,62,107
1003,249,1124,61,101
1004,256,1146,59,90
1005,258,1145,57,90
1006,267,1155,58,94
1007,282,1174,52,96
1008,274,1176,52,89
1009,285,1153,51,85
1010,280,1161,44,86
1011,294,1149,48,89
1012,277,1150,51,88
1013,286,1159,53,88
1014,282,1175,55,87
1015,269,1166,54,81
1016,255,1160,51,85
1017,263,1157,54,87
1018,260,1190,55,85
1019,248,1201,54,93
1020,249,1201,53,91
1021,254,1220,56,90
1022,248,1222,51,90
1023,251,1217,49,88
1024,243,1219,49,87
1025,242,1211,49,82
1026,248,1239,51,86
1027,241,1235,51,86
1028,235,1275,48,80
1029,235,1277,53,81
1030,226,1281,53,87
1031,218,1266,56,90
1032,232,1284,56,97
1033,234,1272,60,98
1034,225,1284,57,98
1035,220,1271,64,100
1036,226,1250,61,103
1037,227,1259,56,104
1038,232,1246,55,100
1039,226,1265,62,94
1040,228,1256,59,101
1041,239,1261,61,90
1042,236,1263,58,92
1043,233,1249,57,89
1044,233,1266,55,95
1045,242,1264,54,96
1046,251,1241,58,88
1047,253,1246,56,97
1048,255,1223,56,97
1049,237,1221,52,102
1050,237,1221,54,104
1051,236,1226,56,103
1052,246,1231,57,100
1053,254,1202,60,101
1054,244,1202,55,105
1055,255,1176,63,103
1056,265,1200,63,106
1057,249,1203,61,112
1058,256,1193,63,106
1059,255,1217,66,98
1060,244,1213,61,100
1061,254,1222,64,106
1062,250,1212,60,104
1063,244,1207,62,99
1064,246,1214,63,106
1065,258,1229,61,107
1066,257,1260,63,114
1067,254,1252,63,112
1068,249,1227,64,111
1069,230,1226,61,113
1070,227,1219,63,116
1071,239,1208,63,119
1072,236,1216,56,123
1073,237,1197,57,119
1074,238,1176,58,115
1075,232,1175,56,116
1076,241,1181,55,119
1077,244,1172,63,119
1078,240,1171,57,112
1079,248,1161,58,111
1080,251,1140,51,115
1081,250,1174,49,112
1082,252,1175,47,108
1083,238,1181,52,118
1084,240,1202,49,117
1085,236,1218,46,123
1086,231,1220,44,125
1087,237,1238,47,131
1088,220,1213,50,131
1089,229,1228,48,133
1090,237,1223,50,136
1091,237,1247,50,147
1092,243,1228,52,144
1093,247,1238,53,145
1094,237,1247,54,141
1095,235,1228,55,143
1096,240,1227,59,138
1097,246,1212,58,136
1098,239,1220,62,126
1099,233,1210,53,128
1100,240,1223,55,129
1101,253,1203,54,127
1102,252,1191,48,124
1103,240,1175,48,120
1104,251,1171,50,127
1105,257,1159,52,127
1106,255,1153,52,120
1107,253,1173,54,121
1108,262,1168,53,113
1109,258,1172,49,115
1110,267,1172,52,117
1111,270,1169,52,114
1112,251,1149,50,113
1113,250,1137,51,115
1114,250,1152,46,118
1115,247,1141,44,119
1116,247,1173,45,119
1117,254,1190,43,112
1118,240,1197,44,118
1119,246,1219,43,118
1120,249,1221,43,118
1121,254,1224,41,126
1122,260,1233,45,123
1123,255,1227,43,120
1124,261,1201,43,116
1125,258,1215,41,115
1126,253,1178,42,112
1127,265,1166,44,114
1128,269,1176,42,106
1129,268,1171,42,98
1130,277,1180,43,99
1131,268,1165,45,94
1132,256,1165,48,95
1133,251,1161,46,95
1134,266,1172,52,91
1135,273,1187,59,91
1136,271,1174,56,97
1137,282,1182,57,98
1138,276,1158,56,95
1139,291,1176,50,90
1140,281,1195,51,87
1141,279,1196,54,82
1142,278,1197,59,84
1143,282,1200,64,85
1144,281,1218,61,87
1145,270,1226,60,85
1146,260,1227,58,84
1147,265,1213,55,85
1148,255,1220,56,79
1149,261,1209,54,77
1150,274,1190,53,71
1151,263,1183,48,75
1152,268,1182,48,83
1153,269,1202,50,86
1154,268,1179,45,84
1155,277,1172,46,86
1156,295,1172,44,87
1157,301,1184,43,93
1158,301,1209,45,88
1159,317,1173,42,99
1160,310,1171,43,101
1161,306,1170,45,106
1162,293,1179,43,102
1163,294,1167,42,98
1164,293,1187,45,103
1165,304,1167,43,107
1166,300,1156,44,101
1167,302,1154,49,101
1168,294,1147,51,108
1169,298,1130,51,109
1170,306,1131,53,105
1171,310,1129,52,103
1172,306,1141,50,100
1173,298,1135,53,104
1174,291,1164,53,108
1175,287,1159,52,105
1176,286,1156,55,102
1177,285,1177,60,100
1178,282,1179,60,103
1179,288,1191,63,104
1180,294,1192,60,98
1181,300,1182,61,101
1182,300,1177,60,111
1183,307,1153,60,106
1184,314,1161,62,102
1185,320,1126,60,105
1186,323,1131,58,103
1187,335,1114,63,107
1188,324,1110,67,110
1189,324,1118,67,117
1190,328,1109,68,112
1191,332,1097,68,119
1192,338,1087,66,124
1193,330,1074,64,122
1194,327,1078,59,118
1195,327,1086,63,126
1196,316,1073,65,119
1197,320,1061,66,114
1198,317,1091,70,115
1199,317,1090,64,115
1200,329,1094,69,113
1201,323,1138,67,112
1202,319,1109,65,117
1203,318,1114,70,115
1204,316,1110,69,121
1205,314,1120,72,125
1206,319,1085,74,133
1207,320,1083,73,140
1208,328,1085,68,144
1209,334,1090,69,136
1210,333,1090,67,132
1211,342,1078,68,129
1212,343,1074,64,123
1213,349,1096,66,123
1214,347,1109,66,128
1215,353,1075,71,136
1216,365,1075,68,139
1217,360,1077,70,140
1218,360,1068,68,127
1219,360,1077,72,130
1220,352,1093,74,131
1221,352,1106,80,133
1222,351,1096,76,135
1223,354,1104,73,128
1224,350,1099,73,127
1225,338,1092,66,131
1226,344,1079,64,126
1227,349,1091,69,122
1228,356,1077,77,123
1229,348,1094,81,123
1230,337,1075,74,121
1231,335,1077,75,121
1232,337,1081,82,119
1233,349,1095,84,122
1234,343,1099,79,118
1235,340,1098,81,129
1236,332,1077,79,123
1237,332,1090,80,128
1238,341,1097,83,128
1239,342,1113,88,124
1240,337,1098,81,122
1241,348,1128,75,122
1242,336,1118,81,123
1243,349,1126,81,121
1244,350,1122,79,127
1245,344,1119,79,122
1246,347,1128,86,118
1247,350,1132,79,125
1248,346,1119,80,125
1249,348,1121,80,125
1250,358,1132,84,123
1251,361,1128,79,131
1252,359,1122,82,131
1253,353,1108,78,130
1254,353,1121,87,132
1255,341,1117,84,135
1256,350,1138,81,136
1257,353,1137,78,140
1258,347,1155,79,135
1259,343,1143,87,136
1260,335,1130,81,145
1261,333,1130,88,141
1262,335,1120,88,133
1263,333,1119,87,135
1264,329,1128,85,135
1265,340,1133,82,134
1266,331,1123,78,128
1267,321,1132,71,122
1268,321,1127,68,120
1269,313,1137,70,125
1270,310,1125,73,125
1271,303,1142,73,119
1272,307,1146,78,111
1273,304,1152,77,109
1274,306,1180,77,106
1275,299,1188,78,100
1276,291,1181,77,105
1277,287,1198,73,105
1278,274,1163,69,106
1279,277,1168,72,99
1280,281,1161,72,110
1281,272,1156,71,111
1282,270,1166,72,112
1283,279,1209,65,112
1284,261,1189,70,114
1285,262,1203,72,112
1286,259,1202,69,111
1287,253,1216,65,115
1288,260,1200,67,113
1289,259,1212,63,116
1290,271,1217,69,115
1291,276,1211,67,114
1292,275,1223,69,112
1293,275,1214,67,115
1294,277,1217,72,113
1295,270,1226,66,118
1296,268,1208,70,111
1297,265,1238,66,111
1298,280,1237,70,112
1299,281,1240,64,109
1300,300,1236,65,116
1301,299,1226,65,115
1302,309,1219,63,113
1303,315,1207,66,110
1304,327,1209,66,106
1305,321,1203,72,110
1306,315,1210,80,106
1307,320,1193,79,99
1308,315,1194,77,93
1309,307,1183,78,93
1310,315,1182,81,94
1311,311,1175,83,94
1312,311,1198,86,90
1313,311,1158,86,94
1314,304,1130,83,102
1315,308,1135,72,105
1316,306,1148,69,112
1317,317,1159,66,106
1318,317,1176,65,108
1319,302,1175,65,107
1320,311,1174,61,112
1321,319,1169,62,103
1322,322,1182,60,100
1323,316,1161,66,110
1324,313,1144,65,108
1325,295,1141,63,113
1326,292,1151,62,107
1327,288,1180,61,109
1328,274,1177,66,106
1329,281,1170,66,98
1330,291,1163,65,101
1331,288,1152,63,109
1332,288,1179,60,106
1333,293,1140,65,109
1334,287,1143,65,114
1335,287,1150,72,112
1336,302,1136,73,110
1337,312,1132,73,113
1338,308,1103,74,109
1339,302,1094,76,111
1340,304,1098,76,120
1341,305,1081,82,117
1342,308,1093,85,115
1343,312,1087,80,119
1344,308,1087,81,106
1345,305,1099,84,100
1346,322,1081,86,103
1347,339,1084,94,101
1348,340,1072,90,103
1349,342,1095,98,104
1350,332,1092,100,106
1351,329,1105,103,109
1352,328,1117,101,108
1353,324,1111,97,103
1354,315,1116,88,102
1355,309,1134,84,104
1356,314,1146,77,111
1357,317,1158,74,107
1358,312,1159,76,105
1359,310,1133,74,112
1360,311,1165,70,118
1361,309,1156,70,124
1362,288,1148,73,122
1363,287,1146,77,125
1364,281,1154,70,111
1365,273,1153,70,113
1366,276,1158,73,110
1367,276,1149,66,113
1368,281,1162,62,121
1369,290,1163,63,118
1370,301,1143,62,117
1371,310,1162,60,120
1372,311,1175,62,113
1373,312,1190,62,114
1374,310,1202,59,113
1375,311,1193,59,116
1376,304,1198,56,112
1377,302,1188,54,106
1378,313,1186,57,108
1379,312,1177,60,109
1380,303,1149,63,107
1381,296,1149,65,111
1382,293,1172,70,117
1383,302,1170,65,122
1384,312,1165,66,124
1385,306,1169,67,119
1386,313,1167,66,119
1387,310,1152,58,113
1388,309,1155,60,116
1389,303,1126,51,113
1390,312,1112,55,121
1391,298,1110,54,123
1392,289,1110,52,128
1393,286,1099,49,130
1394,300,1103,51,130
1395,297,1129,54,133
1396,300,1132,52,122
1397,310,1136,51,120
1398,324,1157,49,125
1399,311,1151,50,125
1400,303,1138,52,130
1401,314,1160,50,129
1402,319,1155,47,141
1403,316,1177,52,136
1404,308,1187,50,138
1405,303,1189,53,130
1406,301,1172,49,129
1407,308,1183,51,130
1408,302,1180,55,126
1409,307,1205,53,130
1410,293,1226,47,139
1411,293,1206,43,144
1412,293,1167,44,151
1413,299,1188,45,154
1414,304,1178,49,141
1415,312,1188,48,143
1416,310,1171,51,134
1417,306,1171,51,136
1418,309,1175,49,134
1419,326,1162,49,137
1420,321,1161,51,133
1421,329,1158,53,128
1422,328,1165,53,133
1423,328,1159,47,138
1424,337,1153,47,145
1425,336,1140,49,141
1426,343,1146,49,140
1427,350,1150,44,137
1428,349,1142,45,136
1429,345,1129,50,140
1430,345,1147,46,132
1431,345,1143,47,127
1432,344,1157,45,125
1433,349,1155,45,130
1434,345,1139,47,126
1435,342,1130,45,130
1436,337,1091,44,126
1437,347,1074,47,119
1438,350,1074,48,113
1439,359,1062,48,124
1440,366,1083,47,125
1441,367,1090,41,134
1442,372,1088,37,124
1443,357,1098,39,116
1444,354,1098,41,119
1445,356,1108,45,117
1446,351,1081,49,122
1447,342,1060,48,110
1448,340,1054,46,106
1449,350,1034,47,109
1450,353,1015,52,104
1451,369,1035,48,108
1452,367,1022,47,114
1453,383,1039,47,116
1454,392,1051,50,113
1455,397,1037,48,106
1456,385,1020,49,107
1457,373,1023,52,110
1458,373,1031,52,114
1459,381,1029,50,109
1460,395,1022,48,105
1461,389,1030,50,112
1462,381,1026,43,113
1463,395,1042,42,112
1464,389,1038,43,112
1465,387,1058,38,110
1466,392,1059,41,110
1467,385,1034,52,109
1468,382,1035,49,112
1469,370,1012,51,114
1470,366,987,51,120
1471,362,962,54,117
1472,346,971,56,124
1473,346,994,53,123
1474,343,1006,50,125
1475,358,1006,53,129
1476,353,990,60,126
1477,361,989,60,130
1478,360,1009,56,127
1479,368,1027,56,124
1480,385,1008,54,121
1481,377,1027,53,123
1482,375,1003,52,121
1483,377,1005,52,135
1484,392,1010,52,130
1485,383,1001,49,129
1486,386,993,48,131
1487,403,1006,51,140
1488,399,1025,48,140
1489,400,1025,44,133
1490,399,1000,43,130
1491,397,987,41,125
1492,399,1011,37,127
1493,403,1035,38,134
1494,408,1035,36,140
1495,405,1068,39,144
1496,412,1091,43,146
1497,412,1089,39,140
1498,417,1094,40,140
1499,400,1095,33,139
1500,406,1077,32,139
1501,406,1084,36,131
1502,399,1066,34,129
1503,400,1052,36,129
1504,388,1028,37,136
1505,392,1046,42,138
1506,386,1036,39,138
1507,390,1035,38,134
1508,389,1054,40,132
1509,373,1042,41,127
1510,387,1040,44,129
1511,377,1033,42,131
1512,387,1023,38,131
1513,396,1034,35,128
1514,400,1027,35,132
1515,392,1037,29,127
1516,386,1035,32,129
1517,387,1018,32,124
1518,390,1011,32,122
1519,383,1009,35,132
1520,382,1031,35,133
1521,380,1038,37,137
1522,384,1038,40,138
1523,389,1042,39,142
1524,381,1041,37,143
1525,367,1046,38,148
1526,354,1068,38,151
1527,365,1060,42,153
1528,364,1062,39,159
1529,365,1076,44,170
1530,350,1073,41,172
1531,351,1070,42,173
1532,353,1063,34,176
1533,355,1041,33,180
1534,354,1045,33,182
1535,358,1049,32,183
1536,363,1053,35,178
1537,363,1072,35,172
1538,368,1065,35,176
1539,352,1066,38,169
1540,348,1070,37,174
1541,337,1063,35,179
1542,343,1043,36,183
1543,332,1052,36,183
1544,333,1061,38,181
1545,330,1057,36,178
1546,325,1062,31,182
1547,324,1073,28,187
1548,326,1049,29,181
1549,328,1054,34,186
1550,324,1032,31,182
1551,328,1020,30,189
1552,338,1030,31,176
1553,337,1021,31,183
1554,345,1024,32,179
1555,350,1042,38,177
1556,350,1045,34,169
1557,349,1041,31,172
1558,351,1036,27,178
1559,356,1031,24,185
1560,354,1038,24,186
1561,349,1035,27,179
1562,344,1030,26,167
1563,339,1050,26,170
1564,329,1063,27,167
1565,327,1047,28,162
1566,326,1069,29,170
1567,332,1049,32,174
1568,330,1058,35,166
1569,335,1071,32,148
1570,336,1077,35,146
1571,351,1063,40,145
1572,349,1054,40,145
1573,345,1058,39,150
1574,359,1057,38,146
1575,356,1051,36,143
1576,359,1053,37,157
1577,356,1039,33,157
1578,357,1052,35,155
1579,351,1042,33,146
1580,353,1052,35,146
1581,351,1028,38,145
1582,352,1014,35,141
1583,342,1011,34,137
1584,336,1018,37,135
1585,340,1044,39,147
1586,345,1027,42,151
1587,343,1023,43,157
1588,367,1034,45,158
1589,368,1043,46,153
1590,370,1060,49,151
1591,365,1060,47,149
1592,368,1055,47,146
1593,383,1042,45,141
1594,381,1031,46,145
1595,384,1023,46,150
1596,375,1020,42,153
1597,371,1012,42,152
1598,377,999,38,148
1599,367,1002,37,144
1600,369,986,38,142
1601,373,975,40,152
1602,376,996,40,158
1603,387,990,36,155
1604,399,978,38,158
1605,399,965,39,160
1606,390,965,35,162
1607,380,976,40,159
1608,376,958,37,164
1609,381,979,40,167
1610,394,971,41,165
1611,401,958,44,179
1612,397,964,45,168
1613,405,952,45,173
1614,405,983,46,181
1615,398,982,49,181
1616,402,977,44,173
1617,406,1004,42,179
1618,392,1000,40,179
1619,401,1009,40,174
1620,399,1008,36,178
1621,390,1001,34,180
1622,388,1016,35,185
1623,395,1012,36,186
1624,389,1005,36,184
1625,394,994,39,183
1626,392,997,38,180
1627,381,970,34,170
1628,384,967,34,159
1629,391,958,34,163
1630,399,959,33,169
1631,406,968,37,166
1632,400,945,33,167
1633,402,968,37,159
1634,409,983,40,161
1635,406,979,44,156
1636,416,983,43,144
1637,424,975,44,149
1638,418,972,43,141
1639,423,980,44,141
1640,418,984,45,138
1641,421,1003,45,141
1642,416,989,43,136
1643,415,981,42,143
1644,408,982,42,144
1645,400,985,40,150
1646,398,973,37,139
1647,400,971,37,141
1648,400,984,37,136
1649,390,984,35,138
1650,385,993,38,138
1651,383,1009,40,133
1652,382,1007,38,130
1653,389,1017,40,131
1654,403,1038,41,124
1655,379,1029,41,123
1656,381,1027,41,129
1657,381,1016,45,137
1658,361,1014,44,140
1659,355,1009,47,129
1660,345,968,45,125
1661,335,989,45,128
1662,337,979,45,128
1663,320,989,48,136
1664,324,981,48,143
1665,326,973,45,152
1666,331,993,50,147
1667,334,973,55,151
1668,336,984,49,151
1669,334,982,51,149
1670,336,1001,54,142
1671,329,999,59,142
1672,333,1005,55,138
1673,336,1002,61,139
1674,319,1006,56,133
1675,320,999,57,131
1676,323,978,63,139
1677,328,962,60,142
1678,324,954,65,141
1679,311,955,67,145
1680,325,949,64,154
1681,326,969,59,163
1682,317,982,66,171
1683,317,983,64,168
1684,305,1010,66,166
1685,315,1007,67,168
1686,324,1020,69,174
1687,323,1016,66,172
1688,326,1023,63,176
1689,313,1010,57,178
1690,314,1036,56,185
1691,312,1030,54,176
1692,306,1033,54,181
1693,296,1043,57,173
1694,299,1047,59,176
1695,299,1041,60,178
1696,289,1032,59,179
1697,288,1028,60,177
1698,300,1024,59,181
1699,297,1014,61,176
1700,283,985,62,187
1701,280,961,59,179
1702,287,964,63,181
1703,294,979,63,171
1704,286,985,57,176
1705,287,976,64,174
1706,284,1004,60,183
1707,282,996,60,179
1708,275,1001,60,177
1709,292,993,52,171
1710,298,991,54,170
1711,300,981,53,164
1712,312,977,50,167
1713,324,991,50,170
1714,329,997,47,181
1715,323,1014,42,174
1716,327,1041,44,173
1717,326,1038,46,173
1718,330,1030,47,168
1719,314,996,44,162
1720,321,1000,47,161
1721,309,986,50,169
1722,305,988,48,174
1723,309,988,49,182
1724,297,1017,50,182
1725,286,1013,49,185
1726,288,1001,47,184
1727,292,991,47,173
1728,293,995,43,166
1729,286,1040,43,170
1730,285,1046,47,167
1731,286,1022,45,170
1732,286,1061,47,165
1733,283,1078,49,169
1734,282,1081,45,172
1735,284,1073,42,168
1736,285,1061,43,157
1737,286,1073,42,152
1738,288,1047,44,160
1739,294,1087,40,160
1740,300,1073,39,157
1741,311,1061,39,169
1742,310,1056,39,176
1743,315,1062,34,163
1744,305,1052,36,152
1745,303,1041,37,141
1746,305,1048,39,142
1747,315,1068,40,142
1748,312,1077,43,140
1749,312,1070,41,139
1750,322,1073,38,139
1751,314,1054,35,145
1752,316,1045,38,141
1753,338,1046,37,133
1754,343,1026,38,137
1755,346,1028,38,142
1756,353,1059,37,149
1757,366,1076,38,157
1758,359,1076,38,156
1759,357,1096,40,162
1760,365,1112,39,161
1761,355,1125,43,163
1762,345,1130,46,167
1763,340,1116,53,183
1764,332,1132,52,175
1765,324,1118,45,174
1766,333,1118,47,175
1767,333,1133,47,178
1768,331,1138,50,178
1769,325,1126,48,170
1770,334,1119,49,171
1771,346,1122,48,170
1772,347,1122,46,169
1773,336,1135,40,167
1774,337,1141,38,151
1775,328,1139,38,160
1776,328,1152,32,167
1777,321,1151,34,175
1778,335,1124,33,173
1779,335,1123,30,174
1780,336,1116,29,171
1781,332,1130,30,174
1782,345,1122,31,174
1783,335,1125,35,176
1784,322,1126,35,173
1785,307,1117,34,169
1786,302,1111,35,164
1787,299,1101,32,169
1788,298,1111,37,166
1789,287,1117,41,168
1790,292,1128,38,170
1791,298,1131,34,165
1792,293,1118,33,158
1793,298,1113,34,162
1794,298,1101,33,167
1795,301,1107,35,164
1796,290,1106,36,162
1797,290,1103,35,149
1798,286,1098,34,149
1799,291,1087,33,144
1800,296,1104,32,147
1801,306,1090,28,152
1802,309,1066,28,166
1803,292,1059,26,167
1804,299,1062,25,163
1805,295,1064,26,164
1806,279,1053,29,162
1807,281,1069,32,161
1808,281,1089,35,149
1809,271,1097,36,155
1810,277,1066,36,158
1811,275,1060,35,152
1812,285,1046,34,150
1813,282,1065,36,150
1814,278,1075,36,155
1815,271,1075,38,152
1816,270,1061,34,158
1817,264,1070,41,154
1818,265,1075,42,152
1819,258,1065,44,154
1820,260,1103,41,152
1821,252,1104,44,150
1822,257,1137,43,149
1823,258,1141,41,156
1824,251,1161,40,150
1825,245,1168,42,155
1826,235,1153,43,168
1827,234,1163,37,179
1828,229,1145,36,177
1829,238,1149,37,171
1830,234,1154,37,170
1831,244,1152,40,165
1832,252,1169,43,163
1833,244,1175,41,156
1834,242,1166,43,169
1835,244,1160,44,165
1836,245,1169,45,169
1837,249,1160,44,169
1838,257,1147,50,165
1839,249,1174,53,164
1840,254,1170,49,169
1841,251,1176,46,175
1842,254,1182,47,186
1843,243,1163,48,187
1844,245,1168,49,188
1845,251,1167,49,193
1846,250,1166,49,185
1847,258,1147,47,181
1848,249,1145,46,184
1849,258,1139,44,180
1850,259,1153,47,185
1851,271,1165,46,182
1852,267,1146,45,183
1853,267,1123,39,175
1854,266,1134,38,177
1855,263,1145,35,201
1856,242,1160,35,204
1857,252,1174,37,196
1858,250,1181,36,192
1859,246,1175,35,188
1860,258,1176,41,185
1861,245,1176,43,186
1862,238,1186,45,179
1863,243,1187,37,176
1864,240,1194,39,175
1865,252,1203,41,168
1866,244,1205,39,171
1867,244,1204,41,173
1868,246,1214,44,173
1869,244,1204,41,168
1870,234,1228,43,174
1871,231,1223,37,172
1872,232,1212,40,171
1873,227,1235,42,169
1874,239,1233,40,174
1875,239,1231,39,173
1876,241,1227,38,177
1877,247,1222,40,187
1878,250,1201,41,183
1879,250,1214,42,185
1880,256,1213,43,184
1881,263,1237,39,175
1882,262,1236,38,179
1883,251,1230,37,170
1884,254,1248,37,172
1885,255,1262,35,172
1886,259,1267,32,166
1887,261,1257,30,169
1888,266,1273,30,167
1889,273,1262,31,162
1890,279,1258,32,165
1891,280,1229,37,160
1892,284,1213,37,157
1893,289,1219,38,159
1894,290,1185,36,156
1895,288,1182,38,155
1896,289,1182,38,149
1897,289,1167,36,146
1898,275,1166,38,158
1899,268,1158,37,156
1900,265,1152,35,158
1901,264,1136,32,162
1902,263,1141,35,164
1903,254,1136,33,166
1904,260,1128,31,156
1905,262,1141,34,156
1906,265,1137,35,158
1907,262,1124,34,158
1908,271,1152,39,159
1909,267,1151,40,166
1910,274,1165,38,163
1911,267,1154,38,167
1912,260,1147,41,161
1913,263,1155,42,169
1914,261,1132,44,169
1915,266,1176,42,157
1916,263,1186,44,155
1917,259,1172,42,161
1918,260,1167,42,164
1919,248,1145,41,166
1920,246,1155,41,160
1921,253,1171,40,167
1922,255,1171,39,162
1923,258,1196,38,162
1924,262,1196,37,164
1925,259,1213,38,162
1926,261,1217,39,160
1927,261,1219,39,158
1928,260,1220,43,153
1929,262,1194,44,159
1930,270,1205,44,150
1931,261,1198,42,148
1932,263,1205,39,145
1933,271,1201,33,145
1934,268,1201,34,142
1935,263,1191,32,138
1936,263,1183,30,138
1937,270,1181,31,132
1938,276,1191,34,132
1939,279,1188,32,130
1940,280,1167,36,128
1941,268,1170,34,124
1942,259,1196,31,126
1943,253,1210,32,122
1944,270,1216,33,117
1945,268,1201,29,115
1946,266,1225,26,120
1947,270,1225,28,128
1948,276,1231,30,134
1949,284,1237,30,135
1950,288,1231,29,136
1951,284,1216,31,130
1952,289,1204,28,132
1953,289,1186,31,126
1954,290,1205,31,138
1955,289,1216,31,134
1956,287,1211,30,132
1957,292,1215,35,130
1958,295,1227,32,129
1959,298,1248,31,134
1960,285,1238,32,134
1961,281,1242,31,137
1962,282,1200,31,139
1963,284,1183,31,146
1964,272,1190,35,141
1965,273,1190,32,137
1966,273,1180,30,134
1967,281,1194,30,130
1968,276,1197,30,129
1969,270,1205,29,131
1970,253,1186,31,128
1971,252,1199,33,131
1972,259,1197,33,128
1973,252,1199,35,134
1974,241,1179,34,132
1975,236,1147,31,131
1976,224,1153,33,131
1977,229,1133,32,136
1978,237,1139,35,134
1979,232,1124,34,137
1980,233,1103,34,139
1981,231,1128,40,129
1982,228,1162,41,131
1983,227,1185,42,137
1984,225,1176,43,136
1985,213,1169,45,142
1986,211,1190,45,136
1987,212,1205,45,132
1988,209,1189,46,130
1989,214,1160,46,133
1990,217,1167,44,138
1991,228,1153,47,142
1992,216,1147,49,142
1993,221,1150,43,137
1994,218,1135,42,138
1995,213,1109,43,147
1996,209,1120,42,143
1997,205,1107,40,145
1998,206,1097,42,149
1999,210,1128,46,148
2000,203,1170,43,146